Flaws,Shift
Scratch,Day
Scratch,Day
Peel,Day
Peel,Day
Smudge,Day
Scratch,Day
Other,Day
Other,Evening
Peel,Evening
Peel,Evening
Peel,Evening
Peel,Evening
Scratch,Evening
Scratch,Evening
Peel,Night
Scratch,Night
Smudge,Night
Scratch,Night
Peel,Night
Peel,Night
Peel,Night
Peel,Night
Other,Night
Other,Night
Scratch,Night
Scratch,Night
Peel,Night
Scratch,Night
Smudge,Night
Scratch,Night
Other,Night
Scratch,Night
Scratch,Night
Peel,Weekend
Peel,Weekend
Peel,Weekend
Smudge,Weekend
Smudge,Weekend
Smudge,Weekend
Other,Weekend
